metric,terrain_1,terrain_2,distance
salida_dem_branchLength,alps_tile_44.3491225_44.8491225_6.2590871_6.7590871,alps_tile_47.3491225_47.8491225_15.7590871_16.2590871,0.8152111344660499
salida_dem_branchLength,alps_tile_44.3491225_44.8491225_6.2590871_6.7590871,andes_chile_tile_-27.4034293_-26.9034293_-69.4591329_-68.9591329,0.7668325953333331
salida_dem_branchLength,alps_tile_44.3491225_44.8491225_6.2590871_6.7590871,andes_chile_tile_-27.9034293_-27.4034293_-69.4591329_-68.9591329,0.5220959291481483
salida_dem_branchLength,alps_tile_44.3491225_44.8491225_6.2590871_6.7590871,himalaya_tile_27.082269_27.582269_90.7881686_91.2881686,0.20546618759876537
salida_dem_branchLength,alps_tile_44.3491225_44.8491225_6.2590871_6.7590871,himalaya_tile_28.582269_29.082269_82.7881686_83.2881686,0.2002103192006175
salida_dem_branchLength,alps_tile_44.3491225_44.8491225_6.2590871_6.7590871,nevada_tile_36.3481537_36.8481537_-115.148718_-114.648718,1.5107158941327166
salida_dem_branchLength,alps_tile_44.3491225_44.8491225_6.2590871_6.7590871,nevada_tile_36.8481537_37.3481537_-114.648718_-114.148718,1.3230733274444448
salida_dem_branchLength,alps_tile_44.3491225_44.8491225_6.2590871_6.7590871,nouvelle_aquitaine_45.0_45.5_1.0_1.5,1.4621022737222236
salida_dem_branchLength,alps_tile_44.3491225_44.8491225_6.2590871_6.7590871,nouvelle_aquitanie_45.5_46.0_1.5_2.0,1.3527184703580253
salida_dem_branchLength,alps_tile_44.3491225_44.8491225_6.2590871_6.7590871,sahara_tile_27.8639743_28.3639743_3.5050733_4.0050733,2.0897139963827165
salida_dem_branchLength,alps_tile_44.3491225_44.8491225_6.2590871_6.7590871,sahara_tile_27.8639743_28.3639743_4.0050733_4.5050733,2.3433297407222216
salida_dem_branchLength,alps_tile_47.3491225_47.8491225_15.7590871_16.2590871,andes_chile_tile_-27.4034293_-26.9034293_-69.4591329_-68.9591329,0.11836000327469134
salida_dem_branchLength,alps_tile_47.3491225_47.8491225_15.7590871_16.2590871,andes_chile_tile_-27.9034293_-27.4034293_-69.4591329_-68.9591329,0.29316339402160496
salida_dem_branchLength,alps_tile_47.3491225_47.8491225_15.7590871_16.2590871,himalaya_tile_27.082269_27.582269_90.7881686_91.2881686,0.6528334375216054
salida_dem_branchLength,alps_tile_47.3491225_47.8491225_15.7590871_16.2590871,himalaya_tile_28.582269_29.082269_82.7881686_83.2881686,0.6496301153641975
salida_dem_branchLength,alps_tile_47.3491225_47.8491225_15.7590871_16.2590871,nevada_tile_36.3481537_36.8481537_-115.148718_-114.648718,0.6956247197901233
salida_dem_branchLength,alps_tile_47.3491225_47.8491225_15.7590871_16.2590871,nevada_tile_36.8481537_37.3481537_-114.648718_-114.148718,0.5084264182253085
salida_dem_branchLength,alps_tile_47.3491225_47.8491225_15.7590871_16.2590871,nouvelle_aquitaine_45.0_45.5_1.0_1.5,0.6468911392561728
salida_dem_branchLength,alps_tile_47.3491225_47.8491225_15.7590871_16.2590871,nouvelle_aquitanie_45.5_46.0_1.5_2.0,0.537507335891975
salida_dem_branchLength,alps_tile_47.3491225_47.8491225_15.7590871_16.2590871,sahara_tile_27.8639743_28.3639743_3.5050733_4.0050733,1.274502861916667
salida_dem_branchLength,alps_tile_47.3491225_47.8491225_15.7590871_16.2590871,sahara_tile_27.8639743_28.3639743_4.0050733_4.5050733,1.528118606256172
salida_dem_branchLength,andes_chile_tile_-27.4034293_-26.9034293_-69.4591329_-68.9591329,andes_chile_tile_-27.9034293_-27.4034293_-69.4591329_-68.9591329,0.24478485488888882
salida_dem_branchLength,andes_chile_tile_-27.4034293_-26.9034293_-69.4591329_-68.9591329,himalaya_tile_27.082269_27.582269_90.7881686_91.2881686,0.6098066831049382
salida_dem_branchLength,andes_chile_tile_-27.4034293_-26.9034293_-69.4591329_-68.9591329,himalaya_tile_28.582269_29.082269_82.7881686_83.2881686,0.6012515762314815
salida_dem_branchLength,andes_chile_tile_-27.4034293_-26.9034293_-69.4591329_-68.9591329,nevada_tile_36.3481537_36.8481537_-115.148718_-114.648718,0.7438832987993824
salida_dem_branchLength,andes_chile_tile_-27.4034293_-26.9034293_-69.4591329_-68.9591329,nevada_tile_36.8481537_37.3481537_-114.648718_-114.148718,0.5563939030987652
salida_dem_branchLength,andes_chile_tile_-27.4034293_-26.9034293_-69.4591329_-68.9591329,nouvelle_aquitaine_45.0_45.5_1.0_1.5,0.6952696783888891
salida_dem_branchLength,andes_chile_tile_-27.4034293_-26.9034293_-69.4591329_-68.9591329,nouvelle_aquitanie_45.5_46.0_1.5_2.0,0.5858858750246912
salida_dem_branchLength,andes_chile_tile_-27.4034293_-26.9034293_-69.4591329_-68.9591329,sahara_tile_27.8639743_28.3639743_3.5050733_4.0050733,1.3228814010493826
salida_dem_branchLength,andes_chile_tile_-27.4034293_-26.9034293_-69.4591329_-68.9591329,sahara_tile_27.8639743_28.3639743_4.0050733_4.5050733,1.5764971453888885
salida_dem_branchLength,andes_chile_tile_-27.9034293_-27.4034293_-69.4591329_-68.9591329,himalaya_tile_27.082269_27.582269_90.7881686_91.2881686,0.3786199819506174
salida_dem_branchLength,andes_chile_tile_-27.9034293_-27.4034293_-69.4591329_-68.9591329,himalaya_tile_28.582269_29.082269_82.7881686_83.2881686,0.36354517561419764
salida_dem_branchLength,andes_chile_tile_-27.9034293_-27.4034293_-69.4591329_-68.9591329,nevada_tile_36.3481537_36.8481537_-115.148718_-114.648718,0.9886681536882722
salida_dem_branchLength,andes_chile_tile_-27.9034293_-27.4034293_-69.4591329_-68.9591329,nevada_tile_36.8481537_37.3481537_-114.648718_-114.148718,0.8010255870000001
salida_dem_branchLength,andes_chile_tile_-27.9034293_-27.4034293_-69.4591329_-68.9591329,nouvelle_aquitaine_45.0_45.5_1.0_1.5,0.9400545332777781
salida_dem_branchLength,andes_chile_tile_-27.9034293_-27.4034293_-69.4591329_-68.9591329,nouvelle_aquitanie_45.5_46.0_1.5_2.0,0.8306707299135809
salida_dem_branchLength,andes_chile_tile_-27.9034293_-27.4034293_-69.4591329_-68.9591329,sahara_tile_27.8639743_28.3639743_3.5050733_4.0050733,1.5676662559382712
salida_dem_branchLength,andes_chile_tile_-27.9034293_-27.4034293_-69.4591329_-68.9591329,sahara_tile_27.8639743_28.3639743_4.0050733_4.5050733,1.821282000277778
salida_dem_branchLength,himalaya_tile_27.082269_27.582269_90.7881686_91.2881686,himalaya_tile_28.582269_29.082269_82.7881686_83.2881686,0.027162391848765427
salida_dem_branchLength,himalaya_tile_27.082269_27.582269_90.7881686_91.2881686,nevada_tile_36.3481537_36.8481537_-115.148718_-114.648718,1.348363678608025
salida_dem_branchLength,himalaya_tile_27.082269_27.582269_90.7881686_91.2881686,nevada_tile_36.8481537_37.3481537_-114.648718_-114.148718,1.1611068530308644
salida_dem_branchLength,himalaya_tile_27.082269_27.582269_90.7881686_91.2881686,nouvelle_aquitaine_45.0_45.5_1.0_1.5,1.2997245767777772
salida_dem_branchLength,himalaya_tile_27.082269_27.582269_90.7881686_91.2881686,nouvelle_aquitanie_45.5_46.0_1.5_2.0,1.1903407734135794
salida_dem_branchLength,himalaya_tile_27.082269_27.582269_90.7881686_91.2881686,sahara_tile_27.8639743_28.3639743_3.5050733_4.0050733,1.9273362994382721
salida_dem_branchLength,himalaya_tile_27.082269_27.582269_90.7881686_91.2881686,sahara_tile_27.8639743_28.3639743_4.0050733_4.5050733,2.180952043777779
salida_dem_branchLength,himalaya_tile_28.582269_29.082269_82.7881686_83.2881686,nevada_tile_36.3481537_36.8481537_-115.148718_-114.648718,1.3451348750308638
salida_dem_branchLength,himalaya_tile_28.582269_29.082269_82.7881686_83.2881686,nevada_tile_36.8481537_37.3481537_-114.648718_-114.148718,1.157592014083333
salida_dem_branchLength,himalaya_tile_28.582269_29.082269_82.7881686_83.2881686,nouvelle_aquitaine_45.0_45.5_1.0_1.5,1.29652125462037
salida_dem_branchLength,himalaya_tile_28.582269_29.082269_82.7881686_83.2881686,nouvelle_aquitanie_45.5_46.0_1.5_2.0,1.1871374512561728
salida_dem_branchLength,himalaya_tile_28.582269_29.082269_82.7881686_83.2881686,sahara_tile_27.8639743_28.3639743_3.5050733_4.0050733,1.9241329772808635
salida_dem_branchLength,himalaya_tile_28.582269_29.082269_82.7881686_83.2881686,sahara_tile_27.8639743_28.3639743_4.0050733_4.5050733,2.177748721620371
salida_dem_branchLength,nevada_tile_36.3481537_36.8481537_-115.148718_-114.648718,nevada_tile_36.8481537_37.3481537_-114.648718_-114.148718,0.188052826904321
salida_dem_branchLength,nevada_tile_36.3481537_36.8481537_-115.148718_-114.648718,nouvelle_aquitaine_45.0_45.5_1.0_1.5,0.2078803641512345
salida_dem_branchLength,nevada_tile_36.3481537_36.8481537_-115.148718_-114.648718,nouvelle_aquitanie_45.5_46.0_1.5_2.0,0.2570124734907408
salida_dem_branchLength,nevada_tile_36.3481537_36.8481537_-115.148718_-114.648718,sahara_tile_27.8639743_28.3639743_3.5050733_4.0050733,0.5789981022499999
salida_dem_branchLength,nevada_tile_36.3481537_36.8481537_-115.148718_-114.648718,sahara_tile_27.8639743_28.3639743_4.0050733_4.5050733,0.8326138465895063
salida_dem_branchLength,nevada_tile_36.8481537_37.3481537_-114.648718_-114.148718,nouvelle_aquitaine_45.0_45.5_1.0_1.5,0.14838172139506173
salida_dem_branchLength,nevada_tile_36.8481537_37.3481537_-114.648718_-114.148718,nouvelle_aquitanie_45.5_46.0_1.5_2.0,0.13881741562962965
salida_dem_branchLength,nevada_tile_36.8481537_37.3481537_-114.648718_-114.148718,sahara_tile_27.8639743_28.3639743_3.5050733_4.0050733,0.7666406689382717
salida_dem_branchLength,nevada_tile_36.8481537_37.3481537_-114.648718_-114.148718,sahara_tile_27.8639743_28.3639743_4.0050733_4.5050733,1.0202564132777776
salida_dem_branchLength,nouvelle_aquitaine_45.0_45.5_1.0_1.5,nouvelle_aquitanie_45.5_46.0_1.5_2.0,0.1093838033641976
salida_dem_branchLength,nouvelle_aquitaine_45.0_45.5_1.0_1.5,sahara_tile_27.8639743_28.3639743_3.5050733_4.0050733,0.6276117226604937
salida_dem_branchLength,nouvelle_aquitaine_45.0_45.5_1.0_1.5,sahara_tile_27.8639743_28.3639743_4.0050733_4.5050733,0.8812274669999994
salida_dem_branchLength,nouvelle_aquitanie_45.5_46.0_1.5_2.0,sahara_tile_27.8639743_28.3639743_3.5050733_4.0050733,0.7369955260246916
salida_dem_branchLength,nouvelle_aquitanie_45.5_46.0_1.5_2.0,sahara_tile_27.8639743_28.3639743_4.0050733_4.5050733,0.9906112703641964
salida_dem_branchLength,sahara_tile_27.8639743_28.3639743_3.5050733_4.0050733,sahara_tile_27.8639743_28.3639743_4.0050733_4.5050733,0.2536157443395061
salida_dem_curvProfile,alps_tile_44.3491225_44.8491225_6.2590871_6.7590871,alps_tile_47.3491225_47.8491225_15.7590871_16.2590871,0.00021698449455762143
salida_dem_curvProfile,alps_tile_44.3491225_44.8491225_6.2590871_6.7590871,andes_chile_tile_-27.4034293_-26.9034293_-69.4591329_-68.9591329,0.0007426270918555301
salida_dem_curvProfile,alps_tile_44.3491225_44.8491225_6.2590871_6.7590871,andes_chile_tile_-27.9034293_-27.4034293_-69.4591329_-68.9591329,0.0007732200111231684
salida_dem_curvProfile,alps_tile_44.3491225_44.8491225_6.2590871_6.7590871,himalaya_tile_27.082269_27.582269_90.7881686_91.2881686,0.0002988841085687817
salida_dem_curvProfile,alps_tile_44.3491225_44.8491225_6.2590871_6.7590871,himalaya_tile_28.582269_29.082269_82.7881686_83.2881686,0.0001305448273210474
salida_dem_curvProfile,alps_tile_44.3491225_44.8491225_6.2590871_6.7590871,nevada_tile_36.3481537_36.8481537_-115.148718_-114.648718,0.0007885468855693464
salida_dem_curvProfile,alps_tile_44.3491225_44.8491225_6.2590871_6.7590871,nevada_tile_36.8481537_37.3481537_-114.648718_-114.148718,0.0007114583372143349
salida_dem_curvProfile,alps_tile_44.3491225_44.8491225_6.2590871_6.7590871,nouvelle_aquitaine_45.0_45.5_1.0_1.5,0.001357353712614344
salida_dem_curvProfile,alps_tile_44.3491225_44.8491225_6.2590871_6.7590871,nouvelle_aquitanie_45.5_46.0_1.5_2.0,0.0013586650106005957
salida_dem_curvProfile,alps_tile_44.3491225_44.8491225_6.2590871_6.7590871,sahara_tile_27.8639743_28.3639743_3.5050733_4.0050733,0.0010857414595281502
salida_dem_curvProfile,alps_tile_44.3491225_44.8491225_6.2590871_6.7590871,sahara_tile_27.8639743_28.3639743_4.0050733_4.5050733,0.0012106475642058947
salida_dem_curvProfile,alps_tile_47.3491225_47.8491225_15.7590871_16.2590871,andes_chile_tile_-27.4034293_-26.9034293_-69.4591329_-68.9591329,0.0006645258502406968
salida_dem_curvProfile,alps_tile_47.3491225_47.8491225_15.7590871_16.2590871,andes_chile_tile_-27.9034293_-27.4034293_-69.4591329_-68.9591329,0.0006992589356717617
salida_dem_curvProfile,alps_tile_47.3491225_47.8491225_15.7590871_16.2590871,himalaya_tile_27.082269_27.582269_90.7881686_91.2881686,0.00017254029489101457
salida_dem_curvProfile,alps_tile_47.3491225_47.8491225_15.7590871_16.2590871,himalaya_tile_28.582269_29.082269_82.7881686_83.2881686,0.00014805889973020244
salida_dem_curvProfile,alps_tile_47.3491225_47.8491225_15.7590871_16.2590871,nevada_tile_36.3481537_36.8481537_-115.148718_-114.648718,0.0007151567027674421
salida_dem_curvProfile,alps_tile_47.3491225_47.8491225_15.7590871_16.2590871,nevada_tile_36.8481537_37.3481537_-114.648718_-114.148718,0.0006423553645475684
salida_dem_curvProfile,alps_tile_47.3491225_47.8491225_15.7590871_16.2590871,nouvelle_aquitaine_45.0_45.5_1.0_1.5,0.0012748143814231634
salida_dem_curvProfile,alps_tile_47.3491225_47.8491225_15.7590871_16.2590871,nouvelle_aquitanie_45.5_46.0_1.5_2.0,0.0012769635242640567
salida_dem_curvProfile,alps_tile_47.3491225_47.8491225_15.7590871_16.2590871,sahara_tile_27.8639743_28.3639743_3.5050733_4.0050733,0.0010070522922903014
salida_dem_curvProfile,alps_tile_47.3491225_47.8491225_15.7590871_16.2590871,sahara_tile_27.8639743_28.3639743_4.0050733_4.5050733,0.0011305454805110283
salida_dem_curvProfile,andes_chile_tile_-27.4034293_-26.9034293_-69.4591329_-68.9591329,andes_chile_tile_-27.9034293_-27.4034293_-69.4591329_-68.9591329,4.568964971026583e-05
salida_dem_curvProfile,andes_chile_tile_-27.4034293_-26.9034293_-69.4591329_-68.9591329,himalaya_tile_27.082269_27.582269_90.7881686_91.2881686,0.0005036885453044464
salida_dem_curvProfile,andes_chile_tile_-27.4034293_-26.9034293_-69.4591329_-68.9591329,himalaya_tile_28.582269_29.082269_82.7881686_83.2881686,0.0006335154150456859
salida_dem_curvProfile,andes_chile_tile_-27.4034293_-26.9034293_-69.4591329_-68.9591329,nevada_tile_36.3481537_36.8481537_-115.148718_-114.648718,0.0001227264838461353
salida_dem_curvProfile,andes_chile_tile_-27.4034293_-26.9034293_-69.4591329_-68.9591329,nevada_tile_36.8481537_37.3481537_-114.648718_-114.148718,0.0001161603899265606
salida_dem_curvProfile,andes_chile_tile_-27.4034293_-26.9034293_-69.4591329_-68.9591329,nouvelle_aquitaine_45.0_45.5_1.0_1.5,0.0006158131677772728
salida_dem_curvProfile,andes_chile_tile_-27.4034293_-26.9034293_-69.4591329_-68.9591329,nouvelle_aquitanie_45.5_46.0_1.5_2.0,0.0006162400077882822
salida_dem_curvProfile,andes_chile_tile_-27.4034293_-26.9034293_-69.4591329_-68.9591329,sahara_tile_27.8639743_28.3639743_3.5050733_4.0050733,0.00034389960665078293
salida_dem_curvProfile,andes_chile_tile_-27.4034293_-26.9034293_-69.4591329_-68.9591329,sahara_tile_27.8639743_28.3639743_4.0050733_4.5050733,0.0004692966399684926
salida_dem_curvProfile,andes_chile_tile_-27.9034293_-27.4034293_-69.4591329_-68.9591329,himalaya_tile_27.082269_27.582269_90.7881686_91.2881686,0.0005379372441749436
salida_dem_curvProfile,andes_chile_tile_-27.9034293_-27.4034293_-69.4591329_-68.9591329,himalaya_tile_28.582269_29.082269_82.7881686_83.2881686,0.0006652825256072034
salida_dem_curvProfile,andes_chile_tile_-27.9034293_-27.4034293_-69.4591329_-68.9591329,nevada_tile_36.3481537_36.8481537_-115.148718_-114.648718,0.00012834288687690903
salida_dem_curvProfile,andes_chile_tile_-27.9034293_-27.4034293_-69.4591329_-68.9591329,nevada_tile_36.8481537_37.3481537_-114.648718_-114.148718,0.0001135896519764846
salida_dem_curvProfile,andes_chile_tile_-27.9034293_-27.4034293_-69.4591329_-68.9591329,nouvelle_aquitaine_45.0_45.5_1.0_1.5,0.0005847646417651152
salida_dem_curvProfile,andes_chile_tile_-27.9034293_-27.4034293_-69.4591329_-68.9591329,nouvelle_aquitanie_45.5_46.0_1.5_2.0,0.0005855106434849599
salida_dem_curvProfile,andes_chile_tile_-27.9034293_-27.4034293_-69.4591329_-68.9591329,sahara_tile_27.8639743_28.3639743_3.5050733_4.0050733,0.0003125238240436947
salida_dem_curvProfile,andes_chile_tile_-27.9034293_-27.4034293_-69.4591329_-68.9591329,sahara_tile_27.8639743_28.3639743_4.0050733_4.5050733,0.0004378424756921231
salida_dem_curvProfile,himalaya_tile_27.082269_27.582269_90.7881686_91.2881686,himalaya_tile_28.582269_29.082269_82.7881686_83.2881686,0.00017294133079956035
salida_dem_curvProfile,himalaya_tile_27.082269_27.582269_90.7881686_91.2881686,nevada_tile_36.3481537_36.8481537_-115.148718_-114.648718,0.0005543163414777647
salida_dem_curvProfile,himalaya_tile_27.082269_27.582269_90.7881686_91.2881686,nevada_tile_36.8481537_37.3481537_-114.648718_-114.148718,0.00048115446778073057
salida_dem_curvProfile,himalaya_tile_27.082269_27.582269_90.7881686_91.2881686,nouvelle_aquitaine_45.0_45.5_1.0_1.5,0.0011144845968648952
salida_dem_curvProfile,himalaya_tile_27.082269_27.582269_90.7881686_91.2881686,nouvelle_aquitanie_45.5_46.0_1.5_2.0,0.001116637403076419
salida_dem_curvProfile,himalaya_tile_27.082269_27.582269_90.7881686_91.2881686,sahara_tile_27.8639743_28.3639743_3.5050733_4.0050733,0.0008465775650988964
salida_dem_curvProfile,himalaya_tile_27.082269_27.582269_90.7881686_91.2881686,sahara_tile_27.8639743_28.3639743_4.0050733_4.5050733,0.0009701808129441289
salida_dem_curvProfile,himalaya_tile_28.582269_29.082269_82.7881686_83.2881686,nevada_tile_36.3481537_36.8481537_-115.148718_-114.648718,0.0006818036910051737
salida_dem_curvProfile,himalaya_tile_28.582269_29.082269_82.7881686_83.2881686,nevada_tile_36.8481537_37.3481537_-114.648718_-114.148718,0.0006055178570518028
salida_dem_curvProfile,himalaya_tile_28.582269_29.082269_82.7881686_83.2881686,nouvelle_aquitaine_45.0_45.5_1.0_1.5,0.0012481293480478993
salida_dem_curvProfile,himalaya_tile_28.582269_29.082269_82.7881686_83.2881686,nouvelle_aquitanie_45.5_46.0_1.5_2.0,0.0012496887868661017
salida_dem_curvProfile,himalaya_tile_28.582269_29.082269_82.7881686_83.2881686,sahara_tile_27.8639743_28.3639743_3.5050733_4.0050733,0.0009773425206367425
salida_dem_curvProfile,himalaya_tile_28.582269_29.082269_82.7881686_83.2881686,sahara_tile_27.8639743_28.3639743_4.0050733_4.5050733,0.0011020300714842436
salida_dem_curvProfile,nevada_tile_36.3481537_36.8481537_-115.148718_-114.648718,nevada_tile_36.8481537_37.3481537_-114.648718_-114.148718,8.163910731012625e-05
salida_dem_curvProfile,nevada_tile_36.3481537_36.8481537_-115.148718_-114.648718,nouvelle_aquitaine_45.0_45.5_1.0_1.5,0.000571832416705433
salida_dem_curvProfile,nevada_tile_36.3481537_36.8481537_-115.148718_-114.648718,nouvelle_aquitanie_45.5_46.0_1.5_2.0,0.0005725999077161116
salida_dem_curvProfile,nevada_tile_36.3481537_36.8481537_-115.148718_-114.648718,sahara_tile_27.8639743_28.3639743_3.5050733_4.0050733,0.0003051062278901653
salida_dem_curvProfile,nevada_tile_36.3481537_36.8481537_-115.148718_-114.648718,sahara_tile_27.8639743_28.3639743_4.0050733_4.5050733,0.00042506009611826596
salida_dem_curvProfile,nevada_tile_36.8481537_37.3481537_-114.648718_-114.148718,nouvelle_aquitaine_45.0_45.5_1.0_1.5,0.0006487717886529149
salida_dem_curvProfile,nevada_tile_36.8481537_37.3481537_-114.648718_-114.148718,nouvelle_aquitanie_45.5_46.0_1.5_2.0,0.0006496364829993999
salida_dem_curvProfile,nevada_tile_36.8481537_37.3481537_-114.648718_-114.148718,sahara_tile_27.8639743_28.3639743_3.5050733_4.0050733,0.00037794350813757525
salida_dem_curvProfile,nevada_tile_36.8481537_37.3481537_-114.648718_-114.148718,sahara_tile_27.8639743_28.3639743_4.0050733_4.5050733,0.0005017008380721579
salida_dem_curvProfile,nouvelle_aquitaine_45.0_45.5_1.0_1.5,nouvelle_aquitanie_45.5_46.0_1.5_2.0,2.1928344544382663e-05
salida_dem_curvProfile,nouvelle_aquitaine_45.0_45.5_1.0_1.5,sahara_tile_27.8639743_28.3639743_3.5050733_4.0050733,0.0002748360744018007
salida_dem_curvProfile,nouvelle_aquitaine_45.0_45.5_1.0_1.5,sahara_tile_27.8639743_28.3639743_4.0050733_4.5050733,0.00014790580882410905
salida_dem_curvProfile,nouvelle_aquitanie_45.5_46.0_1.5_2.0,sahara_tile_27.8639743_28.3639743_3.5050733_4.0050733,0.0002736622644860789
salida_dem_curvProfile,nouvelle_aquitanie_45.5_46.0_1.5_2.0,sahara_tile_27.8639743_28.3639743_4.0050733_4.5050733,0.00014815022766044892
salida_dem_curvProfile,sahara_tile_27.8639743_28.3639743_3.5050733_4.0050733,sahara_tile_27.8639743_28.3639743_4.0050733_4.5050733,0.00012904597686976764
salida_dem_slopeGradient,alps_tile_44.3491225_44.8491225_6.2590871_6.7590871,alps_tile_47.3491225_47.8491225_15.7590871_16.2590871,0.2471685515191666
salida_dem_slopeGradient,alps_tile_44.3491225_44.8491225_6.2590871_6.7590871,andes_chile_tile_-27.4034293_-26.9034293_-69.4591329_-68.9591329,0.27410008827765436
salida_dem_slopeGradient,alps_tile_44.3491225_44.8491225_6.2590871_6.7590871,andes_chile_tile_-27.9034293_-27.4034293_-69.4591329_-68.9591329,0.2584227771843827
salida_dem_slopeGradient,alps_tile_44.3491225_44.8491225_6.2590871_6.7590871,himalaya_tile_27.082269_27.582269_90.7881686_91.2881686,0.08887841394466046
salida_dem_slopeGradient,alps_tile_44.3491225_44.8491225_6.2590871_6.7590871,himalaya_tile_28.582269_29.082269_82.7881686_83.2881686,0.1544685172220678
salida_dem_slopeGradient,alps_tile_44.3491225_44.8491225_6.2590871_6.7590871,nevada_tile_36.3481537_36.8481537_-115.148718_-114.648718,0.3628214361095678
salida_dem_slopeGradient,alps_tile_44.3491225_44.8491225_6.2590871_6.7590871,nevada_tile_36.8481537_37.3481537_-114.648718_-114.148718,0.3476708021049078
salida_dem_slopeGradient,alps_tile_44.3491225_44.8491225_6.2590871_6.7590871,nouvelle_aquitaine_45.0_45.5_1.0_1.5,0.4632248416168456
salida_dem_slopeGradient,alps_tile_44.3491225_44.8491225_6.2590871_6.7590871,nouvelle_aquitanie_45.5_46.0_1.5_2.0,0.4588166148905056
salida_dem_slopeGradient,alps_tile_44.3491225_44.8491225_6.2590871_6.7590871,sahara_tile_27.8639743_28.3639743_3.5050733_4.0050733,0.45406127132444446
salida_dem_slopeGradient,alps_tile_44.3491225_44.8491225_6.2590871_6.7590871,sahara_tile_27.8639743_28.3639743_4.0050733_4.5050733,0.47426269376969143
salida_dem_slopeGradient,alps_tile_47.3491225_47.8491225_15.7590871_16.2590871,andes_chile_tile_-27.4034293_-26.9034293_-69.4591329_-68.9591329,0.027247169260586433
salida_dem_slopeGradient,alps_tile_47.3491225_47.8491225_15.7590871_16.2590871,andes_chile_tile_-27.9034293_-27.4034293_-69.4591329_-68.9591329,0.01316965224490741
salida_dem_slopeGradient,alps_tile_47.3491225_47.8491225_15.7590871_16.2590871,himalaya_tile_27.082269_27.582269_90.7881686_91.2881686,0.3231008717162346
salida_dem_slopeGradient,alps_tile_47.3491225_47.8491225_15.7590871_16.2590871,himalaya_tile_28.582269_29.082269_82.7881686_83.2881686,0.40158676666648124
salida_dem_slopeGradient,alps_tile_47.3491225_47.8491225_15.7590871_16.2590871,nevada_tile_36.3481537_36.8481537_-115.148718_-114.648718,0.11565290931947533
salida_dem_slopeGradient,alps_tile_47.3491225_47.8491225_15.7590871_16.2590871,nevada_tile_36.8481537_37.3481537_-114.648718_-114.148718,0.10052090356172837
salida_dem_slopeGradient,alps_tile_47.3491225_47.8491225_15.7590871_16.2590871,nouvelle_aquitaine_45.0_45.5_1.0_1.5,0.21605631482675317
salida_dem_slopeGradient,alps_tile_47.3491225_47.8491225_15.7590871_16.2590871,nouvelle_aquitanie_45.5_46.0_1.5_2.0,0.2116480881004134
salida_dem_slopeGradient,alps_tile_47.3491225_47.8491225_15.7590871_16.2590871,sahara_tile_27.8639743_28.3639743_3.5050733_4.0050733,0.2068927445343518
salida_dem_slopeGradient,alps_tile_47.3491225_47.8491225_15.7590871_16.2590871,sahara_tile_27.8639743_28.3639743_4.0050733_4.5050733,0.22709416697959878
salida_dem_slopeGradient,andes_chile_tile_-27.4034293_-26.9034293_-69.4591329_-68.9591329,andes_chile_tile_-27.9034293_-27.4034293_-69.4591329_-68.9591329,0.01575994930790124
salida_dem_slopeGradient,andes_chile_tile_-27.4034293_-26.9034293_-69.4591329_-68.9591329,himalaya_tile_27.082269_27.582269_90.7881686_91.2881686,0.3500057266854628
salida_dem_slopeGradient,andes_chile_tile_-27.4034293_-26.9034293_-69.4591329_-68.9591329,himalaya_tile_28.582269_29.082269_82.7881686_83.2881686,0.4284916216357097
salida_dem_slopeGradient,andes_chile_tile_-27.4034293_-26.9034293_-69.4591329_-68.9591329,nevada_tile_36.3481537_36.8481537_-115.148718_-114.648718,0.09208546757679016
salida_dem_slopeGradient,andes_chile_tile_-27.4034293_-26.9034293_-69.4591329_-68.9591329,nevada_tile_36.8481537_37.3481537_-114.648718_-114.148718,0.07611833129435183
salida_dem_slopeGradient,andes_chile_tile_-27.4034293_-26.9034293_-69.4591329_-68.9591329,nouvelle_aquitaine_45.0_45.5_1.0_1.5,0.18915145985752463
salida_dem_slopeGradient,andes_chile_tile_-27.4034293_-26.9034293_-69.4591329_-68.9591329,nouvelle_aquitanie_45.5_46.0_1.5_2.0,0.18474323313118513
salida_dem_slopeGradient,andes_chile_tile_-27.4034293_-26.9034293_-69.4591329_-68.9591329,sahara_tile_27.8639743_28.3639743_3.5050733_4.0050733,0.1799878895651234
salida_dem_slopeGradient,andes_chile_tile_-27.4034293_-26.9034293_-69.4591329_-68.9591329,sahara_tile_27.8639743_28.3639743_4.0050733_4.5050733,0.2001893120103705
salida_dem_slopeGradient,andes_chile_tile_-27.9034293_-27.4034293_-69.4591329_-68.9591329,himalaya_tile_27.082269_27.582269_90.7881686_91.2881686,0.3343551221105244
salida_dem_slopeGradient,andes_chile_tile_-27.9034293_-27.4034293_-69.4591329_-68.9591329,himalaya_tile_28.582269_29.082269_82.7881686_83.2881686,0.4128410170607717
salida_dem_slopeGradient,andes_chile_tile_-27.9034293_-27.4034293_-69.4591329_-68.9591329,nevada_tile_36.3481537_36.8481537_-115.148718_-114.648718,0.10547177611592591
salida_dem_slopeGradient,andes_chile_tile_-27.9034293_-27.4034293_-69.4591329_-68.9591329,nevada_tile_36.8481537_37.3481537_-114.648718_-114.148718,0.09010743841052454
salida_dem_slopeGradient,andes_chile_tile_-27.9034293_-27.4034293_-69.4591329_-68.9591329,nouvelle_aquitaine_45.0_45.5_1.0_1.5,0.2048068348181297
salida_dem_slopeGradient,andes_chile_tile_-27.9034293_-27.4034293_-69.4591329_-68.9591329,nouvelle_aquitanie_45.5_46.0_1.5_2.0,0.2003938377061234
salida_dem_slopeGradient,andes_chile_tile_-27.9034293_-27.4034293_-69.4591329_-68.9591329,sahara_tile_27.8639743_28.3639743_3.5050733_4.0050733,0.19563849414006185
salida_dem_slopeGradient,andes_chile_tile_-27.9034293_-27.4034293_-69.4591329_-68.9591329,sahara_tile_27.8639743_28.3639743_4.0050733_4.5050733,0.21583991658530874
salida_dem_slopeGradient,himalaya_tile_27.082269_27.582269_90.7881686_91.2881686,himalaya_tile_28.582269_29.082269_82.7881686_83.2881686,0.07939747750283949
salida_dem_slopeGradient,himalaya_tile_27.082269_27.582269_90.7881686_91.2881686,nevada_tile_36.3481537_36.8481537_-115.148718_-114.648718,0.43875378103570956
salida_dem_slopeGradient,himalaya_tile_27.082269_27.582269_90.7881686_91.2881686,nevada_tile_36.8481537_37.3481537_-114.648718_-114.148718,0.42360314703104945
salida_dem_slopeGradient,himalaya_tile_27.082269_27.582269_90.7881686_91.2881686,nouvelle_aquitaine_45.0_45.5_1.0_1.5,0.5391571865429873
salida_dem_slopeGradient,himalaya_tile_27.082269_27.582269_90.7881686_91.2881686,nouvelle_aquitanie_45.5_46.0_1.5_2.0,0.5347489598166483
salida_dem_slopeGradient,himalaya_tile_27.082269_27.582269_90.7881686_91.2881686,sahara_tile_27.8639743_28.3639743_3.5050733_4.0050733,0.5299936162505864
salida_dem_slopeGradient,himalaya_tile_27.082269_27.582269_90.7881686_91.2881686,sahara_tile_27.8639743_28.3639743_4.0050733_4.5050733,0.5501950386958334
salida_dem_slopeGradient,himalaya_tile_28.582269_29.082269_82.7881686_83.2881686,nevada_tile_36.3481537_36.8481537_-115.148718_-114.648718,0.5172396759859565
salida_dem_slopeGradient,himalaya_tile_28.582269_29.082269_82.7881686_83.2881686,nevada_tile_36.8481537_37.3481537_-114.648718_-114.148718,0.5020890419812964
salida_dem_slopeGradient,himalaya_tile_28.582269_29.082269_82.7881686_83.2881686,nouvelle_aquitaine_45.0_45.5_1.0_1.5,0.617643081493235
salida_dem_slopeGradient,himalaya_tile_28.582269_29.082269_82.7881686_83.2881686,nouvelle_aquitanie_45.5_46.0_1.5_2.0,0.6132348547668955
salida_dem_slopeGradient,himalaya_tile_28.582269_29.082269_82.7881686_83.2881686,sahara_tile_27.8639743_28.3639743_3.5050733_4.0050733,0.6084795112008327
salida_dem_slopeGradient,himalaya_tile_28.582269_29.082269_82.7881686_83.2881686,sahara_tile_27.8639743_28.3639743_4.0050733_4.5050733,0.6286809336460808
salida_dem_slopeGradient,nevada_tile_36.3481537_36.8481537_-115.148718_-114.648718,nevada_tile_36.8481537_37.3481537_-114.648718_-114.148718,0.01854796305083333
salida_dem_slopeGradient,nevada_tile_36.3481537_36.8481537_-115.148718_-114.648718,nouvelle_aquitaine_45.0_45.5_1.0_1.5,0.10054133158291359
salida_dem_slopeGradient,nevada_tile_36.3481537_36.8481537_-115.148718_-114.648718,nouvelle_aquitanie_45.5_46.0_1.5_2.0,0.09609820549384569
salida_dem_slopeGradient,nevada_tile_36.3481537_36.8481537_-115.148718_-114.648718,sahara_tile_27.8639743_28.3639743_3.5050733_4.0050733,0.09123983521487655
salida_dem_slopeGradient,nevada_tile_36.3481537_36.8481537_-115.148718_-114.648718,sahara_tile_27.8639743_28.3639743_4.0050733_4.5050733,0.11144125766012347
salida_dem_slopeGradient,nevada_tile_36.8481537_37.3481537_-114.648718_-114.148718,nouvelle_aquitaine_45.0_45.5_1.0_1.5,0.1155765036604691
salida_dem_slopeGradient,nevada_tile_36.8481537_37.3481537_-114.648718_-114.148718,nouvelle_aquitanie_45.5_46.0_1.5_2.0,0.11114581278559867
salida_dem_slopeGradient,nevada_tile_36.8481537_37.3481537_-114.648718_-114.148718,sahara_tile_27.8639743_28.3639743_3.5050733_4.0050733,0.10639052023953696
salida_dem_slopeGradient,nevada_tile_36.8481537_37.3481537_-114.648718_-114.148718,sahara_tile_27.8639743_28.3639743_4.0050733_4.5050733,0.12659189166478393
salida_dem_slopeGradient,nouvelle_aquitaine_45.0_45.5_1.0_1.5,nouvelle_aquitanie_45.5_46.0_1.5_2.0,0.0050445482888209865
salida_dem_slopeGradient,nouvelle_aquitaine_45.0_45.5_1.0_1.5,sahara_tile_27.8639743_28.3639743_3.5050733_4.0050733,0.009945862772734567
salida_dem_slopeGradient,nouvelle_aquitaine_45.0_45.5_1.0_1.5,sahara_tile_27.8639743_28.3639743_4.0050733_4.5050733,0.01704160423451235
salida_dem_slopeGradient,nouvelle_aquitanie_45.5_46.0_1.5_2.0,sahara_tile_27.8639743_28.3639743_3.5050733_4.0050733,0.011120521327209879
salida_dem_slopeGradient,nouvelle_aquitanie_45.5_46.0_1.5_2.0,sahara_tile_27.8639743_28.3639743_4.0050733_4.5050733,0.021938661117641974
salida_dem_slopeGradient,sahara_tile_27.8639743_28.3639743_3.5050733_4.0050733,sahara_tile_27.8639743_28.3639743_4.0050733_4.5050733,0.02020142244524691
salida_dem_streamArea,alps_tile_44.3491225_44.8491225_6.2590871_6.7590871,alps_tile_47.3491225_47.8491225_15.7590871_16.2590871,0.10350675852469128
salida_dem_streamArea,alps_tile_44.3491225_44.8491225_6.2590871_6.7590871,andes_chile_tile_-27.4034293_-26.9034293_-69.4591329_-68.9591329,0.11685867158950611
salida_dem_streamArea,alps_tile_44.3491225_44.8491225_6.2590871_6.7590871,andes_chile_tile_-27.9034293_-27.4034293_-69.4591329_-68.9591329,0.0795280317592592
salida_dem_streamArea,alps_tile_44.3491225_44.8491225_6.2590871_6.7590871,himalaya_tile_27.082269_27.582269_90.7881686_91.2881686,0.03113076186728394
salida_dem_streamArea,alps_tile_44.3491225_44.8491225_6.2590871_6.7590871,himalaya_tile_28.582269_29.082269_82.7881686_83.2881686,0.03729331278395062
salida_dem_streamArea,alps_tile_44.3491225_44.8491225_6.2590871_6.7590871,nevada_tile_36.3481537_36.8481537_-115.148718_-114.648718,0.21901420888271592
salida_dem_streamArea,alps_tile_44.3491225_44.8491225_6.2590871_6.7590871,nevada_tile_36.8481537_37.3481537_-114.648718_-114.148718,0.19312171628086408
salida_dem_streamArea,alps_tile_44.3491225_44.8491225_6.2590871_6.7590871,nouvelle_aquitaine_45.0_45.5_1.0_1.5,0.20876355908950608
salida_dem_streamArea,alps_tile_44.3491225_44.8491225_6.2590871_6.7590871,nouvelle_aquitanie_45.5_46.0_1.5_2.0,0.19149081750925917
salida_dem_streamArea,alps_tile_44.3491225_44.8491225_6.2590871_6.7590871,sahara_tile_27.8639743_28.3639743_3.5050733_4.0050733,0.29902649629012334
salida_dem_streamArea,alps_tile_44.3491225_44.8491225_6.2590871_6.7590871,sahara_tile_27.8639743_28.3639743_4.0050733_4.5050733,0.3328926714629629
salida_dem_streamArea,alps_tile_47.3491225_47.8491225_15.7590871_16.2590871,andes_chile_tile_-27.4034293_-26.9034293_-69.4591329_-68.9591329,0.029543919694444424
salida_dem_streamArea,alps_tile_47.3491225_47.8491225_15.7590871_16.2590871,andes_chile_tile_-27.9034293_-27.4034293_-69.4591329_-68.9591329,0.03094959805555557
salida_dem_streamArea,alps_tile_47.3491225_47.8491225_15.7590871_16.2590871,himalaya_tile_27.082269_27.582269_90.7881686_91.2881686,0.0723759966574074
salida_dem_streamArea,alps_tile_47.3491225_47.8491225_15.7590871_16.2590871,himalaya_tile_28.582269_29.082269_82.7881686_83.2881686,0.0662274188703704
salida_dem_streamArea,alps_tile_47.3491225_47.8491225_15.7590871_16.2590871,nevada_tile_36.3481537_36.8481537_-115.148718_-114.648718,0.11550745035802468
salida_dem_streamArea,alps_tile_47.3491225_47.8491225_15.7590871_16.2590871,nevada_tile_36.8481537_37.3481537_-114.648718_-114.148718,0.08965157397839495
salida_dem_streamArea,alps_tile_47.3491225_47.8491225_15.7590871_16.2590871,nouvelle_aquitaine_45.0_45.5_1.0_1.5,0.1052568005648148
salida_dem_streamArea,alps_tile_47.3491225_47.8491225_15.7590871_16.2590871,nouvelle_aquitanie_45.5_46.0_1.5_2.0,0.08798405898456789
salida_dem_streamArea,alps_tile_47.3491225_47.8491225_15.7590871_16.2590871,sahara_tile_27.8639743_28.3639743_3.5050733_4.0050733,0.19551973776543205
salida_dem_streamArea,alps_tile_47.3491225_47.8491225_15.7590871_16.2590871,sahara_tile_27.8639743_28.3639743_4.0050733_4.5050733,0.2293859129382715
salida_dem_streamArea,andes_chile_tile_-27.4034293_-26.9034293_-69.4591329_-68.9591329,andes_chile_tile_-27.9034293_-27.4034293_-69.4591329_-68.9591329,0.037346120737654316
salida_dem_streamArea,andes_chile_tile_-27.4034293_-26.9034293_-69.4591329_-68.9591329,himalaya_tile_27.082269_27.582269_90.7881686_91.2881686,0.08591205133333334
salida_dem_streamArea,andes_chile_tile_-27.4034293_-26.9034293_-69.4591329_-68.9591329,himalaya_tile_28.582269_29.082269_82.7881686_83.2881686,0.07957933193518521
salida_dem_streamArea,andes_chile_tile_-27.4034293_-26.9034293_-69.4591329_-68.9591329,nevada_tile_36.3481537_36.8481537_-115.148718_-114.648718,0.10215553729320989
salida_dem_streamArea,andes_chile_tile_-27.4034293_-26.9034293_-69.4591329_-68.9591329,nevada_tile_36.8481537_37.3481537_-114.648718_-114.148718,0.07626304469135804
salida_dem_streamArea,andes_chile_tile_-27.4034293_-26.9034293_-69.4591329_-68.9591329,nouvelle_aquitaine_45.0_45.5_1.0_1.5,0.09190488749999995
salida_dem_streamArea,andes_chile_tile_-27.4034293_-26.9034293_-69.4591329_-68.9591329,nouvelle_aquitanie_45.5_46.0_1.5_2.0,0.0746321459197531
salida_dem_streamArea,andes_chile_tile_-27.4034293_-26.9034293_-69.4591329_-68.9591329,sahara_tile_27.8639743_28.3639743_3.5050733_4.0050733,0.18216782470061726
salida_dem_streamArea,andes_chile_tile_-27.4034293_-26.9034293_-69.4591329_-68.9591329,sahara_tile_27.8639743_28.3639743_4.0050733_4.5050733,0.2160339998734567
salida_dem_streamArea,andes_chile_tile_-27.9034293_-27.4034293_-69.4591329_-68.9591329,himalaya_tile_27.082269_27.582269_90.7881686_91.2881686,0.04977527288580244
salida_dem_streamArea,andes_chile_tile_-27.9034293_-27.4034293_-69.4591329_-68.9591329,himalaya_tile_28.582269_29.082269_82.7881686_83.2881686,0.043002962654321
salida_dem_streamArea,andes_chile_tile_-27.9034293_-27.4034293_-69.4591329_-68.9591329,nevada_tile_36.3481537_36.8481537_-115.148718_-114.648718,0.13950165803086428
salida_dem_streamArea,andes_chile_tile_-27.9034293_-27.4034293_-69.4591329_-68.9591329,nevada_tile_36.8481537_37.3481537_-114.648718_-114.148718,0.11360916542901235
salida_dem_streamArea,andes_chile_tile_-27.9034293_-27.4034293_-69.4591329_-68.9591329,nouvelle_aquitaine_45.0_45.5_1.0_1.5,0.12925100823765437
salida_dem_streamArea,andes_chile_tile_-27.9034293_-27.4034293_-69.4591329_-68.9591329,nouvelle_aquitanie_45.5_46.0_1.5_2.0,0.11197826665740741
salida_dem_streamArea,andes_chile_tile_-27.9034293_-27.4034293_-69.4591329_-68.9591329,sahara_tile_27.8639743_28.3639743_3.5050733_4.0050733,0.21951394543827157
salida_dem_streamArea,andes_chile_tile_-27.9034293_-27.4034293_-69.4591329_-68.9591329,sahara_tile_27.8639743_28.3639743_4.0050733_4.5050733,0.25338012061111104
salida_dem_streamArea,himalaya_tile_27.082269_27.582269_90.7881686_91.2881686,himalaya_tile_28.582269_29.082269_82.7881686_83.2881686,0.010024957929012372
salida_dem_streamArea,himalaya_tile_27.082269_27.582269_90.7881686_91.2881686,nevada_tile_36.3481537_36.8481537_-115.148718_-114.648718,0.1878834470154321
salida_dem_streamArea,himalaya_tile_27.082269_27.582269_90.7881686_91.2881686,nevada_tile_36.8481537_37.3481537_-114.648718_-114.148718,0.16200286730246913
salida_dem_streamArea,himalaya_tile_27.082269_27.582269_90.7881686_91.2881686,nouvelle_aquitaine_45.0_45.5_1.0_1.5,0.17763279722222208
salida_dem_streamArea,himalaya_tile_27.082269_27.582269_90.7881686_91.2881686,nouvelle_aquitanie_45.5_46.0_1.5_2.0,0.16036005564197528
salida_dem_streamArea,himalaya_tile_27.082269_27.582269_90.7881686_91.2881686,sahara_tile_27.8639743_28.3639743_3.5050733_4.0050733,0.26789573442283954
salida_dem_streamArea,himalaya_tile_27.082269_27.582269_90.7881686_91.2881686,sahara_tile_27.8639743_28.3639743_4.0050733_4.5050733,0.30176190959567906
salida_dem_streamArea,himalaya_tile_28.582269_29.082269_82.7881686_83.2881686,nevada_tile_36.3481537_36.8481537_-115.148718_-114.648718,0.18173486922839505
salida_dem_streamArea,himalaya_tile_28.582269_29.082269_82.7881686_83.2881686,nevada_tile_36.8481537_37.3481537_-114.648718_-114.148718,0.15584237662654316
salida_dem_streamArea,himalaya_tile_28.582269_29.082269_82.7881686_83.2881686,nouvelle_aquitaine_45.0_45.5_1.0_1.5,0.17148421943518516
salida_dem_streamArea,himalaya_tile_28.582269_29.082269_82.7881686_83.2881686,nouvelle_aquitanie_45.5_46.0_1.5_2.0,0.15421147785493838
salida_dem_streamArea,himalaya_tile_28.582269_29.082269_82.7881686_83.2881686,sahara_tile_27.8639743_28.3639743_3.5050733_4.0050733,0.26174715663580245
salida_dem_streamArea,himalaya_tile_28.582269_29.082269_82.7881686_83.2881686,sahara_tile_27.8639743_28.3639743_4.0050733_4.5050733,0.29561333180864197
salida_dem_streamArea,nevada_tile_36.3481537_36.8481537_-115.148718_-114.648718,nevada_tile_36.8481537_37.3481537_-114.648718_-114.148718,0.025892492601851867
salida_dem_streamArea,nevada_tile_36.3481537_36.8481537_-115.148718_-114.648718,nouvelle_aquitaine_45.0_45.5_1.0_1.5,0.02795003699691356
salida_dem_streamArea,nevada_tile_36.3481537_36.8481537_-115.148718_-114.648718,nouvelle_aquitanie_45.5_46.0_1.5_2.0,0.03911072726234564
salida_dem_streamArea,nevada_tile_36.3481537_36.8481537_-115.148718_-114.648718,sahara_tile_27.8639743_28.3639743_3.5050733_4.0050733,0.0800122874074074
salida_dem_streamArea,nevada_tile_36.3481537_36.8481537_-115.148718_-114.648718,sahara_tile_27.8639743_28.3639743_4.0050733_4.5050733,0.1138784625802469
salida_dem_streamArea,nevada_tile_36.8481537_37.3481537_-114.648718_-114.148718,nouvelle_aquitaine_45.0_45.5_1.0_1.5,0.01791138098765431
salida_dem_streamArea,nevada_tile_36.8481537_37.3481537_-114.648718_-114.148718,nouvelle_aquitanie_45.5_46.0_1.5_2.0,0.024310119487654307
salida_dem_streamArea,nevada_tile_36.8481537_37.3481537_-114.648718_-114.148718,sahara_tile_27.8639743_28.3639743_3.5050733_4.0050733,0.10590478000925922
salida_dem_streamArea,nevada_tile_36.8481537_37.3481537_-114.648718_-114.148718,sahara_tile_27.8639743_28.3639743_4.0050733_4.5050733,0.13977095518209876
salida_dem_streamArea,nouvelle_aquitaine_45.0_45.5_1.0_1.5,nouvelle_aquitanie_45.5_46.0_1.5_2.0,0.0172727415802469
salida_dem_streamArea,nouvelle_aquitaine_45.0_45.5_1.0_1.5,sahara_tile_27.8639743_28.3639743_3.5050733_4.0050733,0.09026293720061726
salida_dem_streamArea,nouvelle_aquitaine_45.0_45.5_1.0_1.5,sahara_tile_27.8639743_28.3639743_4.0050733_4.5050733,0.12412911237345675
salida_dem_streamArea,nouvelle_aquitanie_45.5_46.0_1.5_2.0,sahara_tile_27.8639743_28.3639743_3.5050733_4.0050733,0.10753567878086413
salida_dem_streamArea,nouvelle_aquitanie_45.5_46.0_1.5_2.0,sahara_tile_27.8639743_28.3639743_4.0050733_4.5050733,0.14140185395370372
salida_dem_streamArea,sahara_tile_27.8639743_28.3639743_3.5050733_4.0050733,sahara_tile_27.8639743_28.3639743_4.0050733_4.5050733,0.03386617517283948
salida_dem_surfaceRoughness,alps_tile_44.3491225_44.8491225_6.2590871_6.7590871,alps_tile_47.3491225_47.8491225_15.7590871_16.2590871,0.03147084219620995
salida_dem_surfaceRoughness,alps_tile_44.3491225_44.8491225_6.2590871_6.7590871,andes_chile_tile_-27.4034293_-26.9034293_-69.4591329_-68.9591329,0.038053084139816444
salida_dem_surfaceRoughness,alps_tile_44.3491225_44.8491225_6.2590871_6.7590871,andes_chile_tile_-27.9034293_-27.4034293_-69.4591329_-68.9591329,0.037571239245843276
salida_dem_surfaceRoughness,alps_tile_44.3491225_44.8491225_6.2590871_6.7590871,himalaya_tile_27.082269_27.582269_90.7881686_91.2881686,0.020429905710723513
salida_dem_surfaceRoughness,alps_tile_44.3491225_44.8491225_6.2590871_6.7590871,himalaya_tile_28.582269_29.082269_82.7881686_83.2881686,0.03638123139651673
salida_dem_surfaceRoughness,alps_tile_44.3491225_44.8491225_6.2590871_6.7590871,nevada_tile_36.3481537_36.8481537_-115.148718_-114.648718,0.046654552886839284
salida_dem_surfaceRoughness,alps_tile_44.3491225_44.8491225_6.2590871_6.7590871,nevada_tile_36.8481537_37.3481537_-114.648718_-114.148718,0.045605310264021995
salida_dem_surfaceRoughness,alps_tile_44.3491225_44.8491225_6.2590871_6.7590871,nouvelle_aquitaine_45.0_45.5_1.0_1.5,0.06366347865237473
salida_dem_surfaceRoughness,alps_tile_44.3491225_44.8491225_6.2590871_6.7590871,nouvelle_aquitanie_45.5_46.0_1.5_2.0,0.06354842356581385
salida_dem_surfaceRoughness,alps_tile_44.3491225_44.8491225_6.2590871_6.7590871,sahara_tile_27.8639743_28.3639743_3.5050733_4.0050733,0.06177388073845623
salida_dem_surfaceRoughness,alps_tile_44.3491225_44.8491225_6.2590871_6.7590871,sahara_tile_27.8639743_28.3639743_4.0050733_4.5050733,0.06367815208739329
salida_dem_surfaceRoughness,alps_tile_47.3491225_47.8491225_15.7590871_16.2590871,andes_chile_tile_-27.4034293_-26.9034293_-69.4591329_-68.9591329,0.006582387723064505
salida_dem_surfaceRoughness,alps_tile_47.3491225_47.8491225_15.7590871_16.2590871,andes_chile_tile_-27.9034293_-27.4034293_-69.4591329_-68.9591329,0.0061041479926729906
salida_dem_surfaceRoughness,alps_tile_47.3491225_47.8491225_15.7590871_16.2590871,himalaya_tile_27.082269_27.582269_90.7881686_91.2881686,0.051319742893906145
salida_dem_surfaceRoughness,alps_tile_47.3491225_47.8491225_15.7590871_16.2590871,himalaya_tile_28.582269_29.082269_82.7881686_83.2881686,0.06785134361920556
salida_dem_surfaceRoughness,alps_tile_47.3491225_47.8491225_15.7590871_16.2590871,nevada_tile_36.3481537_36.8481537_-115.148718_-114.648718,0.015184137250289817
salida_dem_surfaceRoughness,alps_tile_47.3491225_47.8491225_15.7590871_16.2590871,nevada_tile_36.8481537_37.3481537_-114.648718_-114.148718,0.014141179254816363
salida_dem_surfaceRoughness,alps_tile_47.3491225_47.8491225_15.7590871_16.2590871,nouvelle_aquitaine_45.0_45.5_1.0_1.5,0.032193188752093815
salida_dem_surfaceRoughness,alps_tile_47.3491225_47.8491225_15.7590871_16.2590871,nouvelle_aquitanie_45.5_46.0_1.5_2.0,0.032078080508997894
salida_dem_surfaceRoughness,alps_tile_47.3491225_47.8491225_15.7590871_16.2590871,sahara_tile_27.8639743_28.3639743_3.5050733_4.0050733,0.030303370396109888
salida_dem_surfaceRoughness,alps_tile_47.3491225_47.8491225_15.7590871_16.2590871,sahara_tile_27.8639743_28.3639743_4.0050733_4.5050733,0.032207665578730255
salida_dem_surfaceRoughness,andes_chile_tile_-27.4034293_-26.9034293_-69.4591329_-68.9591329,andes_chile_tile_-27.9034293_-27.4034293_-69.4591329_-68.9591329,0.0014836212345381175
salida_dem_surfaceRoughness,andes_chile_tile_-27.4034293_-26.9034293_-69.4591329_-68.9591329,himalaya_tile_27.082269_27.582269_90.7881686_91.2881686,0.05790213061697069
salida_dem_surfaceRoughness,andes_chile_tile_-27.4034293_-26.9034293_-69.4591329_-68.9591329,himalaya_tile_28.582269_29.082269_82.7881686_83.2881686,0.07443373134227002
salida_dem_surfaceRoughness,andes_chile_tile_-27.4034293_-26.9034293_-69.4591329_-68.9591329,nevada_tile_36.3481537_36.8481537_-115.148718_-114.648718,0.009883182968736417
salida_dem_surfaceRoughness,andes_chile_tile_-27.4034293_-26.9034293_-69.4591329_-68.9591329,nevada_tile_36.8481537_37.3481537_-114.648718_-114.148718,0.008105115964904938
salida_dem_surfaceRoughness,andes_chile_tile_-27.4034293_-26.9034293_-69.4591329_-68.9591329,nouvelle_aquitaine_45.0_45.5_1.0_1.5,0.02561080102902932
salida_dem_surfaceRoughness,andes_chile_tile_-27.4034293_-26.9034293_-69.4591329_-68.9591329,nouvelle_aquitanie_45.5_46.0_1.5_2.0,0.0254956927859334
salida_dem_surfaceRoughness,andes_chile_tile_-27.4034293_-26.9034293_-69.4591329_-68.9591329,sahara_tile_27.8639743_28.3639743_3.5050733_4.0050733,0.023720984476275592
salida_dem_surfaceRoughness,andes_chile_tile_-27.4034293_-26.9034293_-69.4591329_-68.9591329,sahara_tile_27.8639743_28.3639743_4.0050733_4.5050733,0.025625278352044145
salida_dem_surfaceRoughness,andes_chile_tile_-27.9034293_-27.4034293_-69.4591329_-68.9591329,himalaya_tile_27.082269_27.582269_90.7881686_91.2881686,0.057420869917060656
salida_dem_surfaceRoughness,andes_chile_tile_-27.9034293_-27.4034293_-69.4591329_-68.9591329,himalaya_tile_28.582269_29.082269_82.7881686_83.2881686,0.07395247064235998
salida_dem_surfaceRoughness,andes_chile_tile_-27.9034293_-27.4034293_-69.4591329_-68.9591329,nevada_tile_36.3481537_36.8481537_-115.148718_-114.648718,0.009152055559031964
salida_dem_surfaceRoughness,andes_chile_tile_-27.9034293_-27.4034293_-69.4591329_-68.9591329,nevada_tile_36.8481537_37.3481537_-114.648718_-114.148718,0.008088531437289959
salida_dem_surfaceRoughness,andes_chile_tile_-27.9034293_-27.4034293_-69.4591329_-68.9591329,nouvelle_aquitaine_45.0_45.5_1.0_1.5,0.026093101814021125
salida_dem_surfaceRoughness,andes_chile_tile_-27.9034293_-27.4034293_-69.4591329_-68.9591329,nouvelle_aquitanie_45.5_46.0_1.5_2.0,0.025979308633497285
salida_dem_surfaceRoughness,andes_chile_tile_-27.9034293_-27.4034293_-69.4591329_-68.9591329,sahara_tile_27.8639743_28.3639743_3.5050733_4.0050733,0.024204175036850125
salida_dem_surfaceRoughness,andes_chile_tile_-27.9034293_-27.4034293_-69.4591329_-68.9591329,sahara_tile_27.8639743_28.3639743_4.0050733_4.5050733,0.026108378054226698
salida_dem_surfaceRoughness,himalaya_tile_27.082269_27.582269_90.7881686_91.2881686,himalaya_tile_28.582269_29.082269_82.7881686_83.2881686,0.01653160072529939
salida_dem_surfaceRoughness,himalaya_tile_27.082269_27.582269_90.7881686_91.2881686,nevada_tile_36.3481537_36.8481537_-115.148718_-114.648718,0.06650388014419606
salida_dem_surfaceRoughness,himalaya_tile_27.082269_27.582269_90.7881686_91.2881686,nevada_tile_36.8481537_37.3481537_-114.648718_-114.148718,0.06545464035242621
salida_dem_surfaceRoughness,himalaya_tile_27.082269_27.582269_90.7881686_91.2881686,nouvelle_aquitaine_45.0_45.5_1.0_1.5,0.0835129316460001
salida_dem_surfaceRoughness,himalaya_tile_27.082269_27.582269_90.7881686_91.2881686,nouvelle_aquitanie_45.5_46.0_1.5_2.0,0.08339782340290419
salida_dem_surfaceRoughness,himalaya_tile_27.082269_27.582269_90.7881686_91.2881686,sahara_tile_27.8639743_28.3639743_3.5050733_4.0050733,0.08162311329001616
salida_dem_surfaceRoughness,himalaya_tile_27.082269_27.582269_90.7881686_91.2881686,sahara_tile_27.8639743_28.3639743_4.0050733_4.5050733,0.08352740847263652
salida_dem_surfaceRoughness,himalaya_tile_28.582269_29.082269_82.7881686_83.2881686,nevada_tile_36.3481537_36.8481537_-115.148718_-114.648718,0.08303548086949536
salida_dem_surfaceRoughness,himalaya_tile_28.582269_29.082269_82.7881686_83.2881686,nevada_tile_36.8481537_37.3481537_-114.648718_-114.148718,0.08198624107772558
salida_dem_surfaceRoughness,himalaya_tile_28.582269_29.082269_82.7881686_83.2881686,nouvelle_aquitaine_45.0_45.5_1.0_1.5,0.10004453237129922
salida_dem_surfaceRoughness,himalaya_tile_28.582269_29.082269_82.7881686_83.2881686,nouvelle_aquitanie_45.5_46.0_1.5_2.0,0.09992942412820328
salida_dem_surfaceRoughness,himalaya_tile_28.582269_29.082269_82.7881686_83.2881686,sahara_tile_27.8639743_28.3639743_3.5050733_4.0050733,0.09815471401531527
salida_dem_surfaceRoughness,himalaya_tile_28.582269_29.082269_82.7881686_83.2881686,sahara_tile_27.8639743_28.3639743_4.0050733_4.5050733,0.10005900919793563
salida_dem_surfaceRoughness,nevada_tile_36.3481537_36.8481537_-115.148718_-114.648718,nevada_tile_36.8481537_37.3481537_-114.648718_-114.148718,0.0023312232041746927
salida_dem_surfaceRoughness,nevada_tile_36.3481537_36.8481537_-115.148718_-114.648718,nouvelle_aquitaine_45.0_45.5_1.0_1.5,0.017103869946100914
salida_dem_surfaceRoughness,nevada_tile_36.3481537_36.8481537_-115.148718_-114.648718,nouvelle_aquitanie_45.5_46.0_1.5_2.0,0.01730574838381919
salida_dem_surfaceRoughness,nevada_tile_36.3481537_36.8481537_-115.148718_-114.648718,sahara_tile_27.8639743_28.3639743_3.5050733_4.0050733,0.01524892116203796
salida_dem_surfaceRoughness,nevada_tile_36.3481537_36.8481537_-115.148718_-114.648718,sahara_tile_27.8639743_28.3639743_4.0050733_4.5050733,0.017028388143000298
salida_dem_surfaceRoughness,nevada_tile_36.8481537_37.3481537_-114.648718_-114.148718,nouvelle_aquitaine_45.0_45.5_1.0_1.5,0.018067217711294745
salida_dem_surfaceRoughness,nevada_tile_36.8481537_37.3481537_-114.648718_-114.148718,nouvelle_aquitanie_45.5_46.0_1.5_2.0,0.018112698934655613
salida_dem_surfaceRoughness,nevada_tile_36.8481537_37.3481537_-114.648718_-114.148718,sahara_tile_27.8639743_28.3639743_3.5050733_4.0050733,0.016176518841536106
salida_dem_surfaceRoughness,nevada_tile_36.8481537_37.3481537_-114.648718_-114.148718,sahara_tile_27.8639743_28.3639743_4.0050733_4.5050733,0.018074087428433003
salida_dem_surfaceRoughness,nouvelle_aquitaine_45.0_45.5_1.0_1.5,nouvelle_aquitanie_45.5_46.0_1.5_2.0,0.00048482047995778614
salida_dem_surfaceRoughness,nouvelle_aquitaine_45.0_45.5_1.0_1.5,sahara_tile_27.8639743_28.3639743_3.5050733_4.0050733,0.001893432667598148
salida_dem_surfaceRoughness,nouvelle_aquitaine_45.0_45.5_1.0_1.5,sahara_tile_27.8639743_28.3639743_4.0050733_4.5050733,0.0015172589022777775
salida_dem_surfaceRoughness,nouvelle_aquitanie_45.5_46.0_1.5_2.0,sahara_tile_27.8639743_28.3639743_3.5050733_4.0050733,0.0021306864390188973
salida_dem_surfaceRoughness,nouvelle_aquitanie_45.5_46.0_1.5_2.0,sahara_tile_27.8639743_28.3639743_4.0050733_4.5050733,0.0019459389547843296
salida_dem_surfaceRoughness,sahara_tile_27.8639743_28.3639743_3.5050733_4.0050733,sahara_tile_27.8639743_28.3639743_4.0050733_4.5050733,0.0019042951826203688
salida_dem_tpi,alps_tile_44.3491225_44.8491225_6.2590871_6.7590871,alps_tile_47.3491225_47.8491225_15.7590871_16.2590871,15.36754891651008
salida_dem_tpi,alps_tile_44.3491225_44.8491225_6.2590871_6.7590871,andes_chile_tile_-27.4034293_-26.9034293_-69.4591329_-68.9591329,13.829355064650938
salida_dem_tpi,alps_tile_44.3491225_44.8491225_6.2590871_6.7590871,andes_chile_tile_-27.9034293_-27.4034293_-69.4591329_-68.9591329,12.933375372205536
salida_dem_tpi,alps_tile_44.3491225_44.8491225_6.2590871_6.7590871,himalaya_tile_27.082269_27.582269_90.7881686_91.2881686,11.963352539035334
salida_dem_tpi,alps_tile_44.3491225_44.8491225_6.2590871_6.7590871,himalaya_tile_28.582269_29.082269_82.7881686_83.2881686,19.137401895243467
salida_dem_tpi,alps_tile_44.3491225_44.8491225_6.2590871_6.7590871,nevada_tile_36.3481537_36.8481537_-115.148718_-114.648718,22.957864804532413
salida_dem_tpi,alps_tile_44.3491225_44.8491225_6.2590871_6.7590871,nevada_tile_36.8481537_37.3481537_-114.648718_-114.148718,21.634538713585048
salida_dem_tpi,alps_tile_44.3491225_44.8491225_6.2590871_6.7590871,nouvelle_aquitaine_45.0_45.5_1.0_1.5,25.561900149525606
salida_dem_tpi,alps_tile_44.3491225_44.8491225_6.2590871_6.7590871,nouvelle_aquitanie_45.5_46.0_1.5_2.0,24.617727697232233
salida_dem_tpi,alps_tile_44.3491225_44.8491225_6.2590871_6.7590871,sahara_tile_27.8639743_28.3639743_3.5050733_4.0050733,29.86760196773339
salida_dem_tpi,alps_tile_44.3491225_44.8491225_6.2590871_6.7590871,sahara_tile_27.8639743_28.3639743_4.0050733_4.5050733,31.827311449325727
salida_dem_tpi,alps_tile_47.3491225_47.8491225_15.7590871_16.2590871,andes_chile_tile_-27.4034293_-26.9034293_-69.4591329_-68.9591329,1.9385660074319837
salida_dem_tpi,alps_tile_47.3491225_47.8491225_15.7590871_16.2590871,andes_chile_tile_-27.9034293_-27.4034293_-69.4591329_-68.9591329,2.758945560816257
salida_dem_tpi,alps_tile_47.3491225_47.8491225_15.7590871_16.2590871,himalaya_tile_27.082269_27.582269_90.7881686_91.2881686,26.63941676342528
salida_dem_tpi,alps_tile_47.3491225_47.8491225_15.7590871_16.2590871,himalaya_tile_28.582269_29.082269_82.7881686_83.2881686,34.33905665671169
salida_dem_tpi,alps_tile_47.3491225_47.8491225_15.7590871_16.2590871,nevada_tile_36.3481537_36.8481537_-115.148718_-114.648718,7.822313312209165
salida_dem_tpi,alps_tile_47.3491225_47.8491225_15.7590871_16.2590871,nevada_tile_36.8481537_37.3481537_-114.648718_-114.148718,6.558554830307498
salida_dem_tpi,alps_tile_47.3491225_47.8491225_15.7590871_16.2590871,nouvelle_aquitaine_45.0_45.5_1.0_1.5,10.200266324756264
salida_dem_tpi,alps_tile_47.3491225_47.8491225_15.7590871_16.2590871,nouvelle_aquitanie_45.5_46.0_1.5_2.0,9.332069632821039
salida_dem_tpi,alps_tile_47.3491225_47.8491225_15.7590871_16.2590871,sahara_tile_27.8639743_28.3639743_3.5050733_4.0050733,14.575405824941507
salida_dem_tpi,alps_tile_47.3491225_47.8491225_15.7590871_16.2590871,sahara_tile_27.8639743_28.3639743_4.0050733_4.5050733,16.55315755879297
salida_dem_tpi,andes_chile_tile_-27.4034293_-26.9034293_-69.4591329_-68.9591329,andes_chile_tile_-27.9034293_-27.4034293_-69.4591329_-68.9591329,0.9443334760015551
salida_dem_tpi,andes_chile_tile_-27.4034293_-26.9034293_-69.4591329_-68.9591329,himalaya_tile_27.082269_27.582269_90.7881686_91.2881686,25.178897246062167
salida_dem_tpi,andes_chile_tile_-27.4034293_-26.9034293_-69.4591329_-68.9591329,himalaya_tile_28.582269_29.082269_82.7881686_83.2881686,32.85606889966583
salida_dem_tpi,andes_chile_tile_-27.4034293_-26.9034293_-69.4591329_-68.9591329,nevada_tile_36.3481537_36.8481537_-115.148718_-114.648718,9.238806535746303
salida_dem_tpi,andes_chile_tile_-27.4034293_-26.9034293_-69.4591329_-68.9591329,nevada_tile_36.8481537_37.3481537_-114.648718_-114.148718,7.978030994523664
salida_dem_tpi,andes_chile_tile_-27.4034293_-26.9034293_-69.4591329_-68.9591329,nouvelle_aquitaine_45.0_45.5_1.0_1.5,11.79590605400923
salida_dem_tpi,andes_chile_tile_-27.4034293_-26.9034293_-69.4591329_-68.9591329,nouvelle_aquitanie_45.5_46.0_1.5_2.0,10.859816692263406
salida_dem_tpi,andes_chile_tile_-27.4034293_-26.9034293_-69.4591329_-68.9591329,sahara_tile_27.8639743_28.3639743_3.5050733_4.0050733,16.048448022248675
salida_dem_tpi,andes_chile_tile_-27.4034293_-26.9034293_-69.4591329_-68.9591329,sahara_tile_27.8639743_28.3639743_4.0050733_4.5050733,18.022153423358542
salida_dem_tpi,andes_chile_tile_-27.9034293_-27.4034293_-69.4591329_-68.9591329,himalaya_tile_27.082269_27.582269_90.7881686_91.2881686,24.371755961045217
salida_dem_tpi,andes_chile_tile_-27.9034293_-27.4034293_-69.4591329_-68.9591329,himalaya_tile_28.582269_29.082269_82.7881686_83.2881686,31.99457750795762
salida_dem_tpi,andes_chile_tile_-27.9034293_-27.4034293_-69.4591329_-68.9591329,nevada_tile_36.3481537_36.8481537_-115.148718_-114.648718,10.033451617947234
salida_dem_tpi,andes_chile_tile_-27.9034293_-27.4034293_-69.4591329_-68.9591329,nevada_tile_36.8481537_37.3481537_-114.648718_-114.148718,8.73057963194
salida_dem_tpi,andes_chile_tile_-27.9034293_-27.4034293_-69.4591329_-68.9591329,nouvelle_aquitaine_45.0_45.5_1.0_1.5,12.693637939986106
salida_dem_tpi,andes_chile_tile_-27.9034293_-27.4034293_-69.4591329_-68.9591329,nouvelle_aquitanie_45.5_46.0_1.5_2.0,11.737081086772987
salida_dem_tpi,andes_chile_tile_-27.9034293_-27.4034293_-69.4591329_-68.9591329,sahara_tile_27.8639743_28.3639743_3.5050733_4.0050733,16.934610516219802
salida_dem_tpi,andes_chile_tile_-27.9034293_-27.4034293_-69.4591329_-68.9591329,sahara_tile_27.8639743_28.3639743_4.0050733_4.5050733,18.89498551608196
salida_dem_tpi,himalaya_tile_27.082269_27.582269_90.7881686_91.2881686,himalaya_tile_28.582269_29.082269_82.7881686_83.2881686,8.08617991002647
salida_dem_tpi,himalaya_tile_27.082269_27.582269_90.7881686_91.2881686,nevada_tile_36.3481537_36.8481537_-115.148718_-114.648718,34.36901520864615
salida_dem_tpi,himalaya_tile_27.082269_27.582269_90.7881686_91.2881686,nevada_tile_36.8481537_37.3481537_-114.648718_-114.148718,33.0387812560488
salida_dem_tpi,himalaya_tile_27.082269_27.582269_90.7881686_91.2881686,nouvelle_aquitaine_45.0_45.5_1.0_1.5,36.81857131231281
salida_dem_tpi,himalaya_tile_27.082269_27.582269_90.7881686_91.2881686,nouvelle_aquitanie_45.5_46.0_1.5_2.0,35.94155919414321
salida_dem_tpi,himalaya_tile_27.082269_27.582269_90.7881686_91.2881686,sahara_tile_27.8639743_28.3639743_3.5050733_4.0050733,41.21404061203528
salida_dem_tpi,himalaya_tile_27.082269_27.582269_90.7881686_91.2881686,sahara_tile_27.8639743_28.3639743_4.0050733_4.5050733,43.19202910399286
salida_dem_tpi,himalaya_tile_28.582269_29.082269_82.7881686_83.2881686,nevada_tile_36.3481537_36.8481537_-115.148718_-114.648718,42.02677103379868
salida_dem_tpi,himalaya_tile_28.582269_29.082269_82.7881686_83.2881686,nevada_tile_36.8481537_37.3481537_-114.648718_-114.148718,40.69756796115257
salida_dem_tpi,himalaya_tile_28.582269_29.082269_82.7881686_83.2881686,nouvelle_aquitaine_45.0_45.5_1.0_1.5,44.53494437745066
salida_dem_tpi,himalaya_tile_28.582269_29.082269_82.7881686_83.2881686,nouvelle_aquitanie_45.5_46.0_1.5_2.0,43.62196267041473
salida_dem_tpi,himalaya_tile_28.582269_29.082269_82.7881686_83.2881686,sahara_tile_27.8639743_28.3639743_3.5050733_4.0050733,48.90430015471443
salida_dem_tpi,himalaya_tile_28.582269_29.082269_82.7881686_83.2881686,sahara_tile_27.8639743_28.3639743_4.0050733_4.5050733,50.877539697296726
salida_dem_tpi,nevada_tile_36.3481537_36.8481537_-115.148718_-114.648718,nevada_tile_36.8481537_37.3481537_-114.648718_-114.148718,1.5179480518201893
salida_dem_tpi,nevada_tile_36.3481537_36.8481537_-115.148718_-114.648718,nouvelle_aquitaine_45.0_45.5_1.0_1.5,5.023478592570373
salida_dem_tpi,nevada_tile_36.3481537_36.8481537_-115.148718_-114.648718,nouvelle_aquitanie_45.5_46.0_1.5_2.0,5.243937015258494
salida_dem_tpi,nevada_tile_36.3481537_36.8481537_-115.148718_-114.648718,sahara_tile_27.8639743_28.3639743_3.5050733_4.0050733,7.241575576048526
salida_dem_tpi,nevada_tile_36.3481537_36.8481537_-115.148718_-114.648718,sahara_tile_27.8639743_28.3639743_4.0050733_4.5050733,8.893874991404472
salida_dem_tpi,nevada_tile_36.8481537_37.3481537_-114.648718_-114.148718,nouvelle_aquitaine_45.0_45.5_1.0_1.5,5.1756434736254855
salida_dem_tpi,nevada_tile_36.8481537_37.3481537_-114.648718_-114.148718,nouvelle_aquitanie_45.5_46.0_1.5_2.0,4.8355256536716364
salida_dem_tpi,nevada_tile_36.8481537_37.3481537_-114.648718_-114.148718,sahara_tile_27.8639743_28.3639743_3.5050733_4.0050733,8.307985469795007
salida_dem_tpi,nevada_tile_36.8481537_37.3481537_-114.648718_-114.148718,sahara_tile_27.8639743_28.3639743_4.0050733_4.5050733,10.195695303246012
salida_dem_tpi,nouvelle_aquitaine_45.0_45.5_1.0_1.5,nouvelle_aquitanie_45.5_46.0_1.5_2.0,1.086177769571136
salida_dem_tpi,nouvelle_aquitaine_45.0_45.5_1.0_1.5,sahara_tile_27.8639743_28.3639743_3.5050733_4.0050733,4.472895053324311
salida_dem_tpi,nouvelle_aquitaine_45.0_45.5_1.0_1.5,sahara_tile_27.8639743_28.3639743_4.0050733_4.5050733,6.3812949065899875
salida_dem_tpi,nouvelle_aquitanie_45.5_46.0_1.5_2.0,sahara_tile_27.8639743_28.3639743_3.5050733_4.0050733,5.348765250541871
salida_dem_tpi,nouvelle_aquitanie_45.5_46.0_1.5_2.0,sahara_tile_27.8639743_28.3639743_4.0050733_4.5050733,7.2638830940077375
salida_dem_tpi,sahara_tile_27.8639743_28.3639743_3.5050733_4.0050733,sahara_tile_27.8639743_28.3639743_4.0050733_4.5050733,1.9780012353730818
